{"name":"ProductCategory","identifier":"AY8ZWAHV7Y","description":null,"slotTypeValues":[{"synonyms":null,"sampleValue":{"value":"Beauty Products"}},{"synonyms":null,"sampleValue":{"value":"Electronics"}},{"synonyms":null,"sampleValue":{"value":"Home appliances"}},{"synonyms":null,"sampleValue":{"value":"Clothing"}},{"synonyms":null,"sampleValue":{"value":"Books"}},{"synonyms":null,"sampleValue":{"value":"Gardening Tools"}},{"synonyms":null,"sampleValue":{"value":"Toys"}},{"synonyms":null,"sampleValue":{"value":"Jewelry"}},{"synonyms":null,"sampleValue":{"value":"Groceries"}},{"synonyms":null,"sampleValue":{"value":"Pet food"}}],"parentSlotTypeSignature":null,"valueSelectionSetting":{"resolutionStrategy":"ORIGINAL_VALUE","regexFilter":null}}