{"name":"ProductSelection","identifier":"SVJVIYP7HX","description":null,"slotTypeValues":[{"synonyms":null,"sampleValue":{"value":"Beauty Products"}},{"synonyms":null,"sampleValue":{"value":"Lipstick"}},{"synonyms":null,"sampleValue":{"value":"Sunscreen"}},{"synonyms":null,"sampleValue":{"value":"Eyeliner"}},{"synonyms":null,"sampleValue":{"value":"Electronics"}},{"synonyms":null,"sampleValue":{"value":"Smartphone"}},{"synonyms":null,"sampleValue":{"value":"Laptop"}},{"synonyms":null,"sampleValue":{"value":"Headphones"}},{"synonyms":null,"sampleValue":{"value":"Home Appliances"}},{"synonyms":null,"sampleValue":{"value":"Air Conditioner"}},{"synonyms":null,"sampleValue":{"value":"Refrigerator"}},{"synonyms":null,"sampleValue":{"value":"Microwave Oven"}},{"synonyms":null,"sampleValue":{"value":"Clothing"}},{"synonyms":null,"sampleValue":{"value":"western dress"}},{"synonyms":null,"sampleValue":{"value":"Sweaters"}},{"synonyms":null,"sampleValue":{"value":"Jeans"}},{"synonyms":null,"sampleValue":{"value":"Books"}},{"synonyms":null,"sampleValue":{"value":"Fiction"}},{"synonyms":null,"sampleValue":{"value":"Biographies"}},{"synonyms":null,"sampleValue":{"value":"Comics"}},{"synonyms":null,"sampleValue":{"value":"Gardening Tools"}},{"synonyms":null,"sampleValue":{"value":"Shovel"}},{"synonyms":null,"sampleValue":{"value":"Watering Can"}},{"synonyms":null,"sampleValue":{"value":"Toys"}},{"synonyms":null,"sampleValue":{"value":"Board Games"}},{"synonyms":null,"sampleValue":{"value":"Dolls"}},{"synonyms":null,"sampleValue":{"value":"Puzzles"}},{"synonyms":null,"sampleValue":{"value":"Jewelry"}},{"synonyms":null,"sampleValue":{"value":"Necklaces"}},{"synonyms":null,"sampleValue":{"value":"Bracelets"}},{"synonyms":null,"sampleValue":{"value":"Groceries"}},{"synonyms":null,"sampleValue":{"value":"Milk"}},{"synonyms":null,"sampleValue":{"value":"Fruits"}},{"synonyms":null,"sampleValue":{"value":"Vegetables"}},{"synonyms":null,"sampleValue":{"value":"Pet Food"}},{"synonyms":null,"sampleValue":{"value":"Dog food"}},{"synonyms":null,"sampleValue":{"value":"Cat food"}}],"parentSlotTypeSignature":null,"valueSelectionSetting":{"resolutionStrategy":"ORIGINAL_VALUE","regexFilter":null}}